{
    "avg_prec": 0.9090762234923224,
    "roc_auc": 0.9337860584168378
}